{
    "Relative densities": "0.05,0.1", 
    "Lattice name": "bcc-sc", 
    "Unit cell volume": "1.0", 
    "Date": "2024-03-01", 
    "Job name": "bcc-sc", 
    "Instances": {
        "0": {
            "Relative density": 0.05, 
            "Load-REF1-dof1": {
                "REF1, RF1": 0.006645743735134602, 
                "REF1, RF3": 0.0, 
                "REF1, RF2": 0.0, 
                "REF1, U3": -0.30060720443725586, 
                "REF1, U2": -0.3005978763103485, 
                "REF1, U1": 1.0, 
                "REF2, U1": 1.3172840226616245e-05, 
                "REF2, U2": -1.8949724108097143e-05, 
                "REF2, U3": 4.580174845614238e-06, 
                "REF2, RF1": 0.0, 
                "REF2, RF2": 0.0, 
                "REF2, RF3": 0.0
            }, 
            "Load-REF1-dof2": {
                "REF1, RF1": 0.0, 
                "REF1, RF3": 0.0, 
                "REF1, RF2": 0.00664605712518096, 
                "REF1, U3": -0.3006001114845276, 
                "REF1, U2": 1.0, 
                "REF1, U1": -0.30061206221580505, 
                "REF2, U1": 1.0908614967775065e-05, 
                "REF2, U2": -2.661631879163906e-05, 
                "REF2, U3": -1.5579451428493485e-05, 
                "REF2, RF1": 0.0, 
                "REF2, RF2": 0.0, 
                "REF2, RF3": 0.0
            }, 
            "Load-REF1-dof3": {
                "REF1, RF1": 0.0, 
                "REF1, RF3": 0.006645910441875458, 
                "REF1, RF2": 0.0, 
                "REF1, U3": 1.0, 
                "REF1, U2": -0.3005934953689575, 
                "REF1, U1": -0.30061474442481995, 
                "REF2, U1": 2.3697598408034537e-06, 
                "REF2, U2": -2.067348759737797e-05, 
                "REF2, U3": -1.5772075130371377e-05, 
                "REF2, RF1": 0.0, 
                "REF2, RF2": 0.0, 
                "REF2, RF3": 0.0
            }, 
            "Load-REF2-dof1": {
                "REF1, RF1": 0.0, 
                "REF1, RF3": 0.0, 
                "REF1, RF2": 0.0, 
                "REF1, U3": 2.781844386845478e-06, 
                "REF1, U2": 1.2805263395421207e-05, 
                "REF1, U1": 1.546389285067562e-05, 
                "REF2, U1": 0.5, 
                "REF2, U2": -1.9882640117430128e-05, 
                "REF2, U3": -5.563195009017363e-05, 
                "REF2, RF1": 0.0078015876933932304, 
                "REF2, RF2": 0.0, 
                "REF2, RF3": 0.0
            }, 
            "Load-REF2-dof2": {
                "REF1, RF1": 0.0, 
                "REF1, RF3": 0.0, 
                "REF1, RF2": 0.0, 
                "REF1, U3": -2.426856372039765e-05, 
                "REF1, U2": -3.124415161437355e-05, 
                "REF1, U1": -2.2245598302106373e-05, 
                "REF2, U1": -1.9882721971953288e-05, 
                "REF2, U2": 0.5, 
                "REF2, U3": 2.1376434233388864e-05, 
                "REF2, RF1": 0.0, 
                "REF2, RF2": 0.007801620289683342, 
                "REF2, RF3": 0.0
            }, 
            "Load-REF2-dof3": {
                "REF1, RF1": 0.0, 
                "REF1, RF3": 0.0, 
                "REF1, RF2": 0.0, 
                "REF1, U3": -1.85148401214974e-05, 
                "REF1, U2": -1.8288315914105624e-05, 
                "REF1, U1": 5.376802619139198e-06, 
                "REF2, U1": -5.563228842220269e-05, 
                "REF2, U2": 2.137647425115574e-05, 
                "REF2, U3": 0.5, 
                "REF2, RF1": 0.0, 
                "REF2, RF2": 0.0, 
                "REF2, RF3": 0.0078016347251832485
            }
        }, 
        "1": {
            "Relative density": 0.1, 
            "Load-REF1-dof1": {
                "REF1, RF1": 0.013450831174850464, 
                "REF1, RF3": 0.0, 
                "REF1, RF2": 0.0, 
                "REF1, U3": -0.29819536209106445, 
                "REF1, U2": -0.2981770634651184, 
                "REF1, U1": 1.0, 
                "REF2, U1": 2.5548721168888733e-05, 
                "REF2, U2": -3.858168929582462e-05, 
                "REF2, U3": 8.00674479251029e-06, 
                "REF2, RF1": 0.0, 
                "REF2, RF2": 0.0, 
                "REF2, RF3": 0.0
            }, 
            "Load-REF1-dof2": {
                "REF1, RF1": 0.0, 
                "REF1, RF3": 0.0, 
                "REF1, RF2": 0.01345210149884224, 
                "REF1, U3": -0.29818248748779297, 
                "REF1, U2": 1.0, 
                "REF1, U1": -0.2982052266597748, 
                "REF2, U1": 2.334252349101007e-05, 
                "REF2, U2": -5.390954902395606e-05, 
                "REF2, U3": -3.0873841751599684e-05, 
                "REF2, RF1": 0.0, 
                "REF2, RF2": 0.0, 
                "REF2, RF3": 0.0
            }, 
            "Load-REF1-dof3": {
                "REF1, RF1": 0.0, 
                "REF1, RF3": 0.013451515696942806, 
                "REF1, RF2": 0.0, 
                "REF1, U3": 1.0, 
                "REF1, U2": -0.29816949367523193, 
                "REF1, U1": -0.2982105612754822, 
                "REF2, U1": 4.728402927867137e-06, 
                "REF2, U2": -4.026209353469312e-05, 
                "REF2, U3": -3.107020529569127e-05, 
                "REF2, RF1": 0.0, 
                "REF2, RF2": 0.0, 
                "REF2, RF3": 0.0
            }, 
            "Load-REF2-dof1": {
                "REF1, RF1": 0.0, 
                "REF1, RF3": 0.0, 
                "REF1, RF2": 0.0, 
                "REF1, U3": 5.5173240980366245e-06, 
                "REF1, U2": 2.7235973902861588e-05, 
                "REF1, U1": 2.981297075166367e-05, 
                "REF2, U1": 0.5, 
                "REF2, U2": -3.963888229918666e-05, 
                "REF2, U3": -0.00011091704072896391, 
                "REF2, RF1": 0.015695864334702492, 
                "REF2, RF2": 0.0, 
                "REF2, RF3": 0.0
            }, 
            "Load-REF2-dof2": {
                "REF1, RF1": 0.0, 
                "REF1, RF3": 0.0, 
                "REF1, RF2": 0.0, 
                "REF1, U3": -4.698010525316931e-05, 
                "REF1, U2": -6.290199962677434e-05, 
                "REF1, U1": -4.5021606638329104e-05, 
                "REF2, U1": -3.9639216993236914e-05, 
                "REF2, U2": 0.5, 
                "REF2, U3": 4.22576667915564e-05, 
                "REF2, RF1": 0.0, 
                "REF2, RF2": 0.015695996582508087, 
                "REF2, RF3": 0.0
            }, 
            "Load-REF2-dof3": {
                "REF1, RF1": 0.0, 
                "REF1, RF3": 0.0, 
                "REF1, RF2": 0.0, 
                "REF1, U3": -3.625468161772005e-05, 
                "REF1, U2": -3.602398282964714e-05, 
                "REF1, U1": 9.343251804239117e-06, 
                "REF2, U1": -0.00011091856868006289, 
                "REF2, U2": 4.225789234624244e-05, 
                "REF2, U3": 0.5, 
                "REF2, RF1": 0.0, 
                "REF2, RF2": 0.0, 
                "REF2, RF3": 0.015696080401539803
            }
        }
    }
}