{
    "Relative densities": "0.005,0.01", 
    "Lattice name": "E11128", 
    "Unit cell volume": "1.0", 
    "Date": "2025-01-30", 
    "Job name": "E11128", 
    "Instances": {
        "0": {
            "Relative density": 0.005, 
            "Load-REF1-dof1": {
                "REF1, RF1": 0.000416537222918123, 
                "REF1, RF3": 0.0, 
                "REF1, RF2": 0.0, 
                "REF1, U3": -0.3326338231563568, 
                "REF1, U2": -0.3326328992843628, 
                "REF1, U1": 1.0, 
                "REF2, U1": 1.508182322140783e-06, 
                "REF2, U2": 1.4529859981848858e-05, 
                "REF2, U3": 8.53668566946908e-08, 
                "REF2, RF1": 0.0, 
                "REF2, RF2": 0.0, 
                "REF2, RF3": 0.0
            }, 
            "Load-REF1-dof2": {
                "REF1, RF1": 0.0, 
                "REF1, RF3": 0.0, 
                "REF1, RF2": 0.00041651312494650483, 
                "REF1, U3": -0.3326391279697418, 
                "REF1, U2": 1.0, 
                "REF1, U1": -0.33261364698410034, 
                "REF2, U1": 1.7405423932359554e-05, 
                "REF2, U2": 7.246702438123975e-08, 
                "REF2, U3": 2.394372813796508e-06, 
                "REF2, RF1": 0.0, 
                "REF2, RF2": 0.0, 
                "REF2, RF3": 0.0
            }, 
            "Load-REF1-dof3": {
                "REF1, RF1": 0.0, 
                "REF1, RF3": 0.0004165104473941028, 
                "REF1, RF2": 0.0, 
                "REF1, U3": 1.0, 
                "REF1, U2": -0.3326370120048523, 
                "REF1, U1": -0.33261245489120483, 
                "REF2, U1": -1.2841333955293521e-05, 
                "REF2, U2": -1.2656110811803956e-05, 
                "REF2, U3": 7.821157623766339e-07, 
                "REF2, RF1": 0.0, 
                "REF2, RF2": 0.0, 
                "REF2, RF3": 0.0
            }, 
            "Load-REF2-dof1": {
                "REF1, RF1": 0.0, 
                "REF1, RF3": 0.0, 
                "REF1, RF2": 0.0, 
                "REF1, U3": -1.9250936020398512e-05, 
                "REF1, U2": 2.6092970074387267e-05, 
                "REF1, U1": 2.2608289782510838e-06, 
                "REF2, U1": 0.5, 
                "REF2, U2": 2.9893774353695335e-06, 
                "REF2, U3": 2.305333055119263e-06, 
                "REF2, RF1": 0.0006244067917577922, 
                "REF2, RF2": 0.0, 
                "REF2, RF3": 0.0
            }, 
            "Load-REF2-dof2": {
                "REF1, RF1": 0.0, 
                "REF1, RF3": 0.0, 
                "REF1, RF2": 0.0, 
                "REF1, U3": -1.8973729311255738e-05, 
                "REF1, U2": 1.0864012978117898e-07, 
                "REF1, U1": 2.1781410396215506e-05, 
                "REF2, U1": 2.9894513318140525e-06, 
                "REF2, U2": 0.5, 
                "REF2, U3": 1.3962963976155152e-06, 
                "REF2, RF1": 0.0, 
                "REF2, RF2": 0.0006244222167879343, 
                "REF2, RF3": 0.0
            }, 
            "Load-REF2-dof3": {
                "REF1, RF1": 0.0, 
                "REF1, RF3": 0.0, 
                "REF1, RF2": 0.0, 
                "REF1, U3": 1.1725669537554495e-06, 
                "REF1, U2": 3.589678271964658e-06, 
                "REF1, U1": 1.2797561055322149e-07, 
                "REF2, U1": 2.30546493185102e-06, 
                "REF2, U2": 1.3963416449769284e-06, 
                "REF2, U3": 0.5, 
                "REF2, RF1": 0.0, 
                "REF2, RF2": 0.0, 
                "REF2, RF3": 0.0006244424730539322
            }
        }, 
        "1": {
            "Relative density": 0.01, 
            "Load-REF1-dof1": {
                "REF1, RF1": 0.0008385871769860387, 
                "REF1, RF3": 0.0, 
                "REF1, RF2": 0.0, 
                "REF1, U3": -0.3324275314807892, 
                "REF1, U2": -0.33242613077163696, 
                "REF1, U1": 1.0, 
                "REF2, U1": 2.4744194888626225e-06, 
                "REF2, U2": 1.413584323017858e-05, 
                "REF2, U3": -2.355552169319708e-06, 
                "REF2, RF1": 0.0, 
                "REF2, RF2": 0.0, 
                "REF2, RF3": 0.0
            }, 
            "Load-REF1-dof2": {
                "REF1, RF1": 0.0, 
                "REF1, RF3": 0.0, 
                "REF1, RF2": 0.0008385265246033669, 
                "REF1, U3": -0.3324274718761444, 
                "REF1, U2": 1.0, 
                "REF1, U1": -0.3324021100997925, 
                "REF2, U1": 3.119127359241247e-05, 
                "REF2, U2": 2.8619590466405498e-06, 
                "REF2, U3": 7.35163325771282e-07, 
                "REF2, RF1": 0.0, 
                "REF2, RF2": 0.0, 
                "REF2, RF3": 0.0
            }, 
            "Load-REF1-dof3": {
                "REF1, RF1": 0.0, 
                "REF1, RF3": 0.0008385239634662867, 
                "REF1, RF2": 0.0, 
                "REF1, U3": 1.0, 
                "REF1, U2": -0.3324264585971832, 
                "REF1, U1": -0.33240246772766113, 
                "REF2, U1": -1.5269071809598245e-05, 
                "REF2, U2": -1.6243322534137405e-05, 
                "REF2, U3": 5.605455498880474e-06, 
                "REF2, RF1": 0.0, 
                "REF2, RF2": 0.0, 
                "REF2, RF3": 0.0
            }, 
            "Load-REF2-dof1": {
                "REF1, RF1": 0.0, 
                "REF1, RF3": 0.0, 
                "REF1, RF2": 0.0, 
                "REF1, U3": -2.2865877326694317e-05, 
                "REF1, U2": 4.6709694288438186e-05, 
                "REF1, U1": 3.7052352581667947e-06, 
                "REF2, U1": 0.5, 
                "REF2, U2": 2.5639774321462028e-06, 
                "REF2, U3": 1.4093230902290088e-06, 
                "REF2, RF1": 0.0012557139853015542, 
                "REF2, RF2": 0.0, 
                "REF2, RF3": 0.0
            }, 
            "Load-REF2-dof2": {
                "REF1, RF1": 0.0, 
                "REF1, RF3": 0.0, 
                "REF1, RF2": 0.0, 
                "REF1, U3": -2.43260437855497e-05, 
                "REF1, U2": 4.286064722691663e-06, 
                "REF1, U1": 2.11682818189729e-05, 
                "REF2, U1": 2.5641036245360738e-06, 
                "REF2, U2": 0.5, 
                "REF2, U3": 5.622967478302598e-07, 
                "REF2, RF1": 0.0, 
                "REF2, RF2": 0.0012557758018374443, 
                "REF2, RF3": 0.0
            }, 
            "Load-REF2-dof3": {
                "REF1, RF1": 0.0, 
                "REF1, RF3": 0.0, 
                "REF1, RF2": 0.0, 
                "REF1, U3": 8.395172699238174e-06, 
                "REF1, U2": 1.1010351954610087e-06, 
                "REF1, U1": -3.5275947993795853e-06, 
                "REF2, U1": 1.4094640619077836e-06, 
                "REF2, U2": 5.62325283226528e-07, 
                "REF2, U3": 0.5, 
                "REF2, RF1": 0.0, 
                "REF2, RF2": 0.0, 
                "REF2, RF3": 0.0012558395974338055
            }
        }
    }
}